{"cameraMode":{"drawMode":0,"name":"Shaded","section":"Shading Mode"},"sceneLighting":true,"audioPlay":false,"sceneViewState":{"showFog":true,"showMaterialUpdate":false,"showSkybox":true,"showFlares":true,"showImageEffects":true,"showParticleSystems":true},"in2DMode":false,"pivot":{"x":3.7963128089904787,"y":2.289857864379883,"z":-1.9755325317382813},"rotation":{"x":0.00976142380386591,"y":0.9333371520042419,"z":-0.3580513596534729,"w":0.0254924688488245},"size":34.753997802734378,"orthographic":false}