{"cameraMode":{"drawMode":0,"name":"Shaded","section":"Shading Mode"},"sceneLighting":true,"audioPlay":false,"sceneViewState":{"showFog":true,"showMaterialUpdate":false,"showSkybox":true,"showFlares":true,"showImageEffects":true,"showParticleSystems":true},"in2DMode":false,"pivot":{"x":25.209091186523439,"y":3.79746675491333,"z":3.655618667602539},"rotation":{"x":0.04825128987431526,"y":-0.6575803160667419,"z":-0.0422682948410511,"w":-0.7506524324417114},"size":27.761497497558595,"orthographic":false}