{"cameraMode":{"drawMode":0,"name":"Shaded","section":"Shading Mode"},"sceneLighting":true,"audioPlay":false,"sceneViewState":{"showFog":true,"showMaterialUpdate":false,"showSkybox":true,"showFlares":true,"showImageEffects":true,"showParticleSystems":true},"in2DMode":false,"pivot":{"x":-34.644500732421878,"y":-26.4642333984375,"z":131.37477111816407},"rotation":{"x":-0.49223795533180239,"y":0.5075246095657349,"z":-0.4889989197254181,"w":-0.5108880996704102},"size":264.1978454589844,"orthographic":false}